language,accuracy
English,0.7132459970887919
Spanish,0.6756756756756757
Chinese,0.5903614457831325
